Q_No,Question,Option_1,Option_2,Option_3,Option_4,Correct_Option,Explanation
1,कारक के संदर्भ में असंगत कथन चुनिए -,B और C,केवल B,A और B,केवल A एवं C,3,"कर्ता कारक में विभक्ति का प्रयोग सकर्मक क्रिया के साथ भूतकाल में ही होता है। यथा - राधा ने पत्र लिखा। वर्तमान काल या भविष्यत्काल में कर्ता के साथ 'ने' विभक्ति का प्रयोग नहीं होता। जैसे - राधा पत्र लिखती है, न कि राधा ने पत्र लिखती है।"
2,कारक के संबंध में असंगत विकल्प है -,"कारक सूचित करने के लिए संज्ञा या सर्वनाम के आगे जो प्रत्यय लगाए जाते हैं, उन्हें विभक्ति कहते हैं।","'परसर्ग' वे सहायक शब्द हैं, जो शब्दों के बीच संबंध स्थापित करते हैं।",'चाहिए' अर्थ वाली क्रियाओं के साथ कर्ता कारक में 'ने' चिह्न का प्रयोग किया जाता है।,कर्ता कारक विभक्ति-रहित एवं विभक्ति-सहित दोनों रूपों में प्रयुक्त होते हैं।,3,'चाहिए' अर्थ वाली क्रियाओं के साथ कर्ता कारक में 'को' चिह्न का प्रयोग किया जाता है।
3,कारक के संबंध में 'असंगत विकल्प' है -,क्रिया का आधार सूचित करने वाला कारक 'अधिकरण कारक' है।,'ने' विभक्ति का प्रयोग कर्ता कारक के साथ केवल भूतकालिक क्रिया होने पर होता है।,"कर्मकारक शब्द निर्जीव होने के साथ 'को' विभक्ति लगती है, सजीव कर्म कारक के साथ नहीं।",संपदान कारक में जब किया दिक्-दर्शित देने के अर्थ में प्रयुक्त हो वहाँ 'को' विभक्ति भी प्रयुक्त होती है।,3,"विकल्प (स) असंगत है। कर्मकारक का विभक्ति चिह्न - 'को'। कर्मकारक शब्द सजीव हो तो उसके साथ 'को' विभक्ति लगती है, निर्जीव कर्म के साथ नहीं। जैसे - राम ने रावण को मारा। नंदू दूध पीता है।"
4,'संज्ञा या सर्वनाम के जिस रूप से उसका संबंध वाक्य के किसी दूसरे शब्द के साथ प्रकाशित हो सकता है उस रूप को ____ कहते हैं।' रिक्त स्थान की पूर्ति हेतु उचित विकल्प का चयन कीजिए -,क्रिया,कारक,अव्यय,कोई नहीं,2,कारक की यह परिभाषा पं. कामताप्रसाद गुरु ने अपने ग्रंथ हिंदी व्याकरण में दी है। संज्ञा या सर्वनाम का संबंध विशेषतः क्रिया से होता है; इसलिए कहा जाता है 'क्रिया जनक कारकम्' अर्थात् जो क्रिया का जनक हो या जिसका क्रिया के साथ सीधा संबंध हो वही 'कारक' कहलाता है।
5,विभक्ति संबंधी असत्य कथन है-,"यह वे शब्द चिह्न हैं, जो वाक्य में प्रयुक्त संज्ञा, सर्वनाम को, कर्ता, कर्म, करण आदि में विभक्त करते हैं।",हिंदी में वाक्य के पदों का पारस्परिक संबंध अथवा प्रकाश की दृष्टि से विभक्तियों की संख्या छः मानी गई है।,"वे शब्द चिह्न जो कारकों का रूप प्रकट करने के लिए उनके साथ लगते हैं, विभक्ति कहलाते हैं।",विभक्तियों को 'परसर्ग' भी कहते हैं।,2,प्रकाश की दृष्टि से विभक्तियों की संख्या हिंदी में आठ मानी गई है।
6,'गणधिनी ने गरीबों को केवल दिए।' रेखांकित पद का कारक पहचान कर सही विकल्प चुनिए-,कर्म कारक,संपदान कारक,संबंध कारक,अधिकरण कारक,2,संपदान कारक का मूल विभक्ति चिह्न 'के लिए' होता है; परंतु दान आदि भाव वाले वाक्यों में 'के लिए' के स्थान पर 'को' चिह्न का प्रयोग किया जाता है। जैसे - सीता ने भिखारी को पैसे दिए।
7,कारक के संदर्भ में असंगत विकल्प का चयन कूट की सहायता से करें—,सती स्त्रियों में प्रसिद्ध है — अधिकरण कारक,भाई-भाई में थोड़ी है — अधिकरण कारक,हममें तुममें कोई भेद नहीं — संबंध कारक,दिन की रात हो गई। — संबंध कारक,इन कपड़ों में से आप कौन-सा लेते हैं — अधिकरण कारक,3,हममें तुममें कोई भेद नहीं — अधिकरण कारक। इन कपड़ों में से आप कौन-सा लेते हैं — अपादान कारक।
8,कारक की दृष्टि से असंगत है -,चोर सिपाही से डरता है। - अपादान कारक,कविता सविता से अच्छा गाती है। - करण कारक,अपना कार्य स्वयं करें। - संबंध कारक,आरव दूध पीता है। - कर्म कारक,3,कविता सविता से अच्छा गाती है। - अपादान कारक।
9,निम्नलिखित में से किस विकल्प में परसर्ग का अनुचित प्रयोग है-,दूध से दही बनती है। - अपादान कारक,माँ ने बच्चे को लड्डू दिए। - कर्म कारक,मेरी आँखों देखी घटना है। - करण कारक,छात्रों का कल्याण हो। - संपदान कारक,2,"माँ ने बच्चे को लड्डू दिए। - संपदान कारक। 'को' संपदान की विभक्ति तभी मानी जाएगी, जब वाक्य की क्रिया 'देना' (दान) होगी।"
10,किस विकल्प में परसर्ग का त्रुटिपूर्ण प्रयोग है -,राजा सेवक को कंबल देता है - संपदान कारक,आपका पत्र मिला - संबंध कारक,झगड़ा मेरे और उसके मध्य था - कर्म कारक,राम को घर से निकाला - अपादान कारक,3,झगड़ा मेरे और उसके मध्य था - संबंध कारक।
11,'क्रिया के साधन का बोध' कराने वाला कारक है -,संपदान,करण,अपादान,अधिकरण,2,"वाक्य में जिस साधन के माध्यम से क्रिया का व्यापार संपादन हो, अर्थात् क्रिया की सिद्धि हो, उसे करण कारक कहा जाता है।"
12,कारक के संदर्भ में असंगत है—,भिखारी को आटा दे दो - कर्म कारक,मैं उससे तार द्वारा सूचित करूंगी - करण कारक,वह वन में गया - अधिकरण कारक,बच्चे खेल से डरते हैं - अपादान कारक,1,भिखारी को आटा दे दो - संपदान कारक।
13,'मैं कल से पढ़ने जाऊँगा।' वाक्य में कारक है -,कर्म,करण,अपादान,कर्त्ता,3,"जब किसी क्रिया के प्रारंभ का समय बताया जाता है (जैसे - कल से, सोमवार से) तो 'से' चिह्न अपादान कारक को सूचित करता है।"
14,किस क्रमांक में सर्वनाम के साथ कारक के उदाहरण सही हैं—,अध्यापक ने छात्रों को पढ़ाया।,सीता हँसती है।,प्रेमचंद ने निबंध लिखा।,निशा चाय रही है।,1,'छात्रों को पढ़ाया' इसमें कर्मकारक है।
15,निम्नलिखित में से किस विकल्प में परसर्ग का त्रुटिपूर्ण प्रयोग हुआ है -,मैं कल से घूमने जाऊँगा। — करण कारक,राम शबरी से मिलने को आए थे। — संपदान कारक,इस विषय में कोई मतभेद नहीं है। — अधिकरण कारक,मैं पूर्णिमा को परिक्रमा करता हूँ — कर्म कारक,1,विकल्प 'अ' में 'कल से घूमने जाऊँगा' वाक्य में अपादान कारक चिह्न प्रयुक्त हुआ है। क्रिया आरंभ के अर्थ में 'से' अपादान कारक का प्रयोग किया जाता है।
16,वे कारक चिह्न जो सर्वनाम शब्दों के साथ मिलाकर लिखे जाते हैं कहलाते हैं -,विशिष्ट विभक्ति,संसिलिष्ट विभक्ति,विश्लिष्ट विभक्ति,इनमें से कोई नहीं,2,"जो विभक्तियाँ सर्वनाम शब्दों के साथ उनकी शिरोरेखा से मिलाकर लिखी जाती हैं, उन्हें संसिलिष्ट विभक्तियाँ कहते हैं। यथा - इससे, उसके।"
17,कर्ता कारक के संदर्भ में असंगत कथन का चयन कीजिए—,यह वह क्रिया का संपादन अथवा व्यापार का संपादन करने वाला पद है।,"वाक्य में संज्ञा या सर्वनाम के जिस रूप से क्रिया के करने वाले का बोध होता है, उसे कर्ता कहते हैं।",कर्ता कारक सहित त्रिक कारक के रूप में भी प्रयुक्त होते हैं।,कर्ता और कर्म कारक बिना विभक्ति-चिह्न के भी प्रयोग में आते हैं।,3,कर्ता कारक (मूलकारक) विभक्ति-रहित एवं विभक्ति सहित (तिर्यक कारक) दोनों रूपों में प्रयुक्त होते हैं।
18,'कर्मवाच्य एवं भाववाच्य के ___ वाक्यों के साथ 'से' का प्रयोग किया जाता है एवं ___ वाक्यों के साथ 'के द्वारा' का प्रयोग किया जाता है।',"सकारात्मक, नकारात्मक","सकारात्मक, सकारात्मक","नकारात्मक, सकारात्मक","नकारात्मक, नकारात्मक",3,कर्मवाच्य एवं भाववाच्य के नकारात्मक वाक्यों के साथ 'से' का प्रयोग एवं सकारात्मक वाक्यों के साथ 'के द्वारा' का प्रयोग किया जाता है।
19,कारक एवं परिभाषा संबंधी सूची 'अ' का सूची 'ब' से मिलान कीजिए। (अ) संज्ञा या सर्वनाम के जिस रूप पर क्रिया का फल पड़े अथवा कर्ता को जो इष्ट हो। (ब) वाक्य में जिस साधन के माध्यम से क्रिया का व्यापार संपादन हो अर्थात् क्रिया की सिद्धि हो। (स) जिस प्राणी या वस्तु के हित के लिए क्रिया व्यापार का संपादन किया जाए। (द) वह संज्ञा रूप जो वाक्य में क्रिया का आधार होता है।,"2,4,3,1","4,3,2,1","1,2,3,4","1,4,3,2",1,"सूची-अ और सूची-ब का सही मिलान: (अ)-2, (ब)-4, (स)-3, (द)-1।"
20,वाक्य प्रयोग के आधार पर दी गई सूची-I का सूची-II से मिलान कीजिए। (अ) लड़की नृत्य करती है। (ब) श्याम विमल को पढ़ाता है। (स) मेरी आँखों देखी घटना है। (द) खुशी को किशमिश अच्छी लगती है।,"1,2,3,4","2,4,3,1","2,1,4,3","3,4,2,1",3,"सूची के वाक्यों में क्रमशः कर्म, कर्ता, संपदान और करण कारक के उदाहरण हैं।"
21,करण कारक युक्त वाक्य है -,मेरा विद्यालय नगर से दूर है।,उसकी बहन मुझसे जलती है।,लड़कियाँ स्वभाव से बहुत अच्छी हैं।,बीमार को समय पर खाना दें।,3,'लड़कियाँ स्वभाव से बहुत अच्छी हैं।' — करण कारक है।
22,संबोधन कारक संबंधी असत्य कथन पर विचार कीजिए—,"जिस संज्ञा पद से किसी को पुकारने, सावधान करने अथवा संबंधित करने का बोध हो, उसे संबोधन कारक कहते हैं।",संबोधन कारक के चिह्न ही संबंधित संज्ञा से पूर्व आते हैं।,संबोधन सदैव सर्वनाम शब्दों का होता है और कभी-कभी अकेले संज्ञा शब्दों से ही संबोधन किया जाता है।,"हे, अरे, ओ, संबोधन कारक के विभक्ति चिह्न हैं।",3,"संबोधन सदैव कर्ता का होता है, सर्वनाम शब्दों का नहीं। यथा - हे भगवान! इन दुष्टों से बचाओ।"
23,"कारकों को विभक्ति चिह्न से मिलाइए। संबंध कारक, संपदान कारक, अपादान कारक, अधिकरण कारक क्रमशः दिए गए विकल्पों में सही मिलान चुनिए।","2,4,3,1","2,3,4,1","4,3,2,1","3,4,2,1",3,"संबंध कारक—का, के, की; संपदान—को, के लिए; अपादान—से; अधिकरण—में, पर।"
24,'दशरथ के पुत्र राम ने रावण को मारा।' वाक्य में कारक प्रयोग संबंधी असत्य कथन का चयन कीजिए—,वाक्य तीन पदों के संयोजन से तीन कारकों के प्रयोग की सूचना देता है।,'राम ने' पद में कर्ता कारक प्रथमा विभक्ति है।,'दशरथ के पुत्र' पद में संबंध कारक (षष्ठी विभक्ति) का प्रयोग हुआ है।,'रावण को' पद में संपदान कारक (चतुर्थी विभक्ति) का प्रयोग हुआ है।,4,'रावण को' में कर्म कारक द्वितीया विभक्ति का प्रयोग हुआ है। दशरथ के पुत्र — संबंध कारक; राम ने — कर्ता कारक; रावण को — कर्म कारक।
25,रेखांकित न होने पद का कारक पहचान कर सही विकल्प चुनिए- 'लड़का नहाने को गया है',कर्ता कारक,कर्मकारक,संपदान कारक,करण कारक,3,"जिस वस्तु के लिए क्रिया की जाती है, उसकी वाचक संज्ञा के रूप को संपदान कारक कहते हैं।"
26,'अधिकरण कारक' किस वाक्य में है—,"सात रुपये की थैली, नीचे घर वाली।",प्रेम से प्रेम उत्पन्न होता है।,मेरी आँखों देखी घटना है।,अनीता एक घंटे में खाना बना लेती है।,4,"समयावधि सूचित करने में अधिकरण कारक होता है। विकल्प (अ) संबंध कारक, (ब) अपादान कारक, (स) करण कारक।"
27,'राह का थका बटोही गहरी नींद सोता है' वाक्य में कौन-सा कारक है—,कर्ता,करण,संबंध,अधिकरण,3,"'का, की, के' विभक्ति चिह्न संबंध कारक दर्शाते हैं।"
28,किस वाक्य में संपदान कारक नहीं है—,आपको सफल होने की बधाई देता हूँ।,विधायक ने बाढ़ पीड़ितों को खाद्य सामग्री बँटवाई।,मैंने अनीता को 10000 रुपये दिए।,बासु को लड्डू अच्छे लगते हैं।,3,'मैंने अनीता को 10000 रुपये दिए' वाक्य में दान का भाव नहीं है; अतः यह कर्म कारक का उदाहरण है।
29,'प्रतियोगिता ठीक तीन बजने पर शुरू होगी।' वाक्य में कारक है -,कर्ता कारक,कर्म कारक,अधिकरण कारक,संबंध कारक,3,समयावधि सूचित करने में अधिकरण कारक होता है।
30,'चिट्ठी भेजी जाएगी।' वाक्य में प्रयुक्त कारक है—,कर्ताकारक,कर्मकारक,संबंधकारक,अधिकरण कारक,1,"क्रिया से जिस वस्तु के विषय में विधान किया जाता है, उसे सूचित करने वाले संज्ञा के रूप को कर्ता कारक कहते हैं।"
31,कारक के संदर्भ में असंगत का चयन करें—,गरीबों को मत सताओ। — कर्म कारक,आँखें देखी चीज के बिना नहीं रहेगा? — अपादान,वह कमण्डलु से साधु प्रतीत होता है। — करण कारक,गांधी जी ने देश को आजादी दिलाई — कर्म कारक,2,करण कारक संज्ञा के उस रूप को कहते हैं जिससे क्रिया के साधन का बोध होता है।
32,किस विकल्प में अपादान कारक नहीं है—,पेड़ से फल गिरा।,रघुवीर जब से नृत्य सीखती है।,इस साहसी लड़के ने एक बच्चे को नदी में डूबने से बचाया।,चार दिन की चाँदनी फिर अँधेरी रात।,4,"'चार दिन की चाँदनी, फिर अँधेरी रात' — लोकोक्ति के प्रयोग के कारण यहाँ संबंधकारक है।"
33,कारक के संदर्भ में असंगत का चयन करें—,आज भी दूध का टब पानी का पानी होता है। — संबंध,राधा कृष्ण से चंचल व चालाक है — अपादान,पहाड़ों में हिमालय सबसे बड़ा और ऊँचा है। — अपादान,घोड़े पर चढ़ने वाला हर कोई घुड़सवार नहीं हो जाता — अधिकरण,3,'पहाड़ों में हिमालय सबसे बड़ा और ऊँचा है' में 'में' विभक्ति चिह्न अधिकरण कारक है।
34,कारक के संदर्भ में असंगत है—,पुत्र पत्र लिखता है — कर्ता कारक,माँ ने बच्चे को दूध पिलाया — कर्म कारक,मैं उसे अपने हाथों सजा दूँगा — कर्म कारक,आज भी संसार में करोड़ों लोग भूख से मर रहे हैं — करण कारक,3,'मैं उसे अपने हाथों सजा दूँगा' — करण कारक।
35,किस वाक्य में 'कर्म कारक' है—,स्त्री काँटे पर से तमाशा देखती है।,लड़का किसी को देखता है आप किसी को खोजते हैं?,गाड़ी से बचकर चलो।,नौकर ने चिट्ठी फाड़ डाली।,2,विकल्प (ब) में 'लड़का किसी को देखता है आप किसी को खोजते हैं?' — कर्मकारक।
36,किस वाक्य में 'कर्म कारक' नहीं है—,लड़की रोते-रोते सो गई।,नट ने लोगों को खेल दिखाया।,मैंने चोर को साधु समझ लिया।,तुम सोमवार को गाँव चले जाना।,1,"विकल्प (ब), (स) और (द) में कर्म कारक है। 'लड़की रोते-रोते सो गई' में कर्म कारक नहीं है।"
37,किस वाक्य में करण कारक के परसर्ग का प्रयोग नहीं हुआ है—,कारीगर ने लोहे से औजार बनाया।,बस पेट्रोल से चलती है।,छात्रों को पत्र से परीक्षा की सूचना मिली।,वह दिल्ली से आज ही आता है।,4,'वह दिल्ली से आज ही आता है' — अपादान कारक।
38,कारक की दृष्टि से असंगत है—,हम अभी आश्रम के दर्शन को जाते हैं। - करण कारक,कानों सुनी बात हमेशा सत्य होती है - करण कारक,अपराधी पुलिस से डरता है - अपादान कारक,तुमने से टोपी - कर्ता कारक,1,'हम अभी आश्रम के दर्शन को जाते हैं' — संपदान कारक।
39,'तराजू से सामान तौला जाता है।' इस वाक्य में कौन-सा कारक है—,कर्ता,कर्म,करण,संबंध,3,'से' द्वारा साधन का बोध होने के कारण करण कारक है।
40,किस वाक्य में करण कारक (परसर्ग) का प्रयोग किया गया है—,राधा पुस्तक पढ़ रही है।,नरेन्द्र के चारे और छत अच्छे हैं।,हम नाक से साँस लेते हैं।,पिता हरिद्वार गए हैं।,3,हम नाक से साँस लेते हैं। — करण कारक।
41,"कौन-सा कथन सही नहीं है—","मुझसे बढ़कर पापी कौन होगा? - करण कारक","बालिका छप्परली से उतरती है - अधिकरण कारक","आसमान का रंग नीला है - संबंध कारक","मेरे निमित्त ही ईश्वर की कोई कृपा नहीं - संपदान कारक",1,"'मुझसे बढ़कर पापी कौन होगा?' — अपादान कारक।"
42,"निम्नलिखित में से किस वाक्य में 'संपदान कारक' है—","उसने लड़कों को मिठाइयाँ दीं।","हरि मोहन को मारता है।","माँ ने बच्चे को खेलते देखा।","उसने लड़कों को बुलाया।",1,"'उसने लड़कों को मिठाइयाँ दीं' — संपदान कारक है।"
43,"किस वाक्य में 'संपदान कारक' का प्रयोग हुआ है—","तुलसी के वास्ते ही जैसे राम ने अवतार लिया।","मोहन ने घड़े से पानी डाला।","स्कूल के दोनों और सड़क है।","प्रदीप पापा से शर्माता है।",1,"विकल्प (ब) में अपादान, (स) में कर्म कारक और (द) में अपादान कारक है।"
44,"किस वाक्य में 'संपदान कारक' का प्रयोग हुआ है—","माँ ने बच्चों के लिए खिलौने खरीदे।","सज्जन को गले लगाओ।","लड़का अब अपने पाँव चलता है।","साधुओं की संगति से बुद्धि सुधरती है।",1,"'सज्जन को गले लगाओ' — कर्म कारक; 'लड़का अब अपने पाँव चलता है' — करण कारक; 'साधुओं की संगति से बुद्धि सुधरती है' — करण कारक।"
45,"'छत से उतरी हुई लता' वाक्य में कारक है—","करण","अपादान","अधिकरण","कर्ता",2,"छत से उतरी हुई लता — अपादान कारक।"
46,"किस क्रम में 'अधिकरण कारक' का उदाहरण नहीं है—","विद्या में उसकी रुचि है।","इस विषय में कोई मतभेद नहीं है।","उन दोनों में अनबन है।","सोमवार के सोमवार मेला भरता है।",4,"'सोमवार के सोमवार मेला भरता है' — संबंध कारक।"
47,"'वह घर-घर भीख माँगता चलता है।' वाक्य में कारक है—","अधिकरण","अपादान","करण","संबंध",1,"कभी-कभी अधिकरणकारक की विभक्तियों का लोप भी हो जाता है।"
48,"किस क्रम में 'अधिकरण कारक' नहीं है—","जिस समय वह आया था, उस समय पर मैं नहीं था।","लड़के दरवाजे-दरवाजे घूम रहे हैं।","इस जगह पूर्ण शांति है।","बात का बतककड़ बन गया।",4,"'बात का बतककड़ बन गया।' — इस विकल्प में संबंध कारक है।"
49,"किस वाक्य में 'करण कारक' नहीं है—","वह बस्ती से अच्छी बात चलाता।","आपके जरिए ही घर का पता चला।","भूखों को अन्न देना चाहिए और प्यासों को जल।","नाक से साँस लेते हैं।",3,"'भूखों को अन्न देना चाहिए और प्यासों को जल' — यहाँ संपदान कारक है।"
50,"किस वाक्य में 'अपादान कारक' नहीं है—","मेरे हाथ से फोन छूट पड़ा।","आत्मा देह से भिन्न है।","धन का धन गया और ऊपर से बदनामी हुई।","कोयला खदान से निकाला जाता है।",3,"'धन का धन गया और ऊपर से बदनामी हुई' — इस वाक्य में संबंध कारक है।"
51,"किस क्रम में कारक सही नहीं है—","राम रोटी खाता है। - कर्म कारक","मुझे कहीं रहने को ठौर बताइए - कर्म कारक","हमने उसे खूब सबेरे जगाया - कर्मकारक","सीता राम के साथ वन गई - करण कारक",2,"'मुझे कहीं रहने को ठौर बताइए' — यहाँ संपदान कारक होगा।"
52,"किस क्रम में 'संपदान कारक' है—","हमने चिड़ियाघर में पंछी देखे।","साँप को लाठी से मारो।","उस जगह एक सभा होने जा रही है।","हरिश के निमित्त वस्त्र दान करो।",4,"हमने चिड़ियाघर में पंछी देखे — अधिकरण कारक। साँप को लाठी से मारो — करण कारक। उस जगह एक सभा होने जा रही है — अधिकरण कारक।"
53,"'जवानों ने देश के हेतु बलिदान दे दिया' में कौन-सा कारक है—","कर्ता","कर्म","संपदान","अपादान",3,"'के हित, के वास्ते, के निमित्त' आदि प्रत्यय वाले अव्यय भी संपदान कारक के होते हैं। जैसे - राम के हित लक्ष्मण वन गए थे।"
54,"'अध्यापक कलम से लिखता है।' इस वाक्य में कर्ता के अतिरिक्त और कौन-सा कारक है—","कर्म","करण","अधिकरण","संबंध",2,"उत्तर: (ब)।"
55,"कौन-सा क्रम सही नहीं है—","मिस्टर खेलता है - कर्ता कारक","जो लड़की घोड़ी चल - संबंध कारक","मुझे अपनी कमाई से खाना मिलता है - करण कारक","उन से कपड़े बनाए जाते हैं। - करण कारक",4,"'उन से कपड़े बनाए जाते हैं' — अपादान कारक है।"
56,"'दीपक से काजल प्रकट' वाक्य में कारक है—","करण कारक","अपादान कारक","अधिकरण कारक","कर्म कारक",2,"दीपक से काजल प्रकट (बनता) होता है — अपादान।"
57,"'चोर ने धन के लिए, चाकू से व्यवसायी की गर्दन धड़ से अलग कर दी।' इस वाक्य में किस कारक का प्रयोग नहीं हुआ है—","अपादान","अधिकरण","करण","संबंध",2,"चोर ने - कर्ता; धन के लिए - संपदान; चाकू से - करण कारक; व्यवसायी की - संबंध कारक; धड़ से अलग - अपादान।"
58,"किस वाक्य में 'कर्म कारक' नहीं है—","नौकर धीरज से काम करता है।","बुजुर्गों को परेशान मत करो।","राम ने पुलिस को पत्र पकड़वाया।","दुर्जन को दूर भगाओ।",1,"नौकर धीरज से काम करता है। - करण कारक।"
59,"सूची (I) को सूची (II) से सुमेलित करें। A. देवताओं में कौन अधिक पूज्य है? B. महीने के महीने तनख्वाह मिलती है। C. गोखुले से मथुरा न्यारी। D. दासी से और कोई उपाय न बन पड़ा।","A-4, B-1, C-2, D-3","A-1, B-2, C-3, D-4","A-1, B-4, C-2, D-3","A-3, B-1, C-2, D-4",4,"'महीने के महीने तनख्वाह मिलती है' में संबंध कारक तथा 'गोखुले से मथुरा न्यारी' में अपादान कारक है।"
60,"कौन-से वाक्य में अधिकरण कारक के परसर्ग 'पर' का प्रयोग नहीं है—","वह अपने पाँवों की चाल पर चलता है।","तुम दोनों से टकराने के बाद पौधे पर चढ़े लगे हैं।","बंदर पेड़ पर बैठा है।","बस नौ बजकर पैंतालीस मिनट पर आती है।",2,"विकल्प (ब) में 'पर' का अर्थ पक्ष है; इसलिए इस वाक्य में अधिकरण 'पर' परसर्ग नहीं है।"
61,"कर्ता कारक के परसर्ग के अनुपयुक्त प्रयोग वाला वाक्य है—","लड़के ने चिट्ठी लिखी।","राम ने छींक।","मैंने नौकर को बुलाया।","उसने यही बात करनी थी।",4,"विकल्प (द) — 'उसे यही बात करनी थी'।"
62,"अधिकरण कारक के परसर्ग 'में' का असंगत प्रयोग हुआ है—","नौकर मुझे रास्ते में मिला।","उसका मुँह धूल में भर गया।","उनकी योग्यता काम में प्रकट होती है।","तुम्हारे घर में चार आदमी हैं।",3,"'उनकी योग्यता काम में प्रकट होती है' — 'काम में' के अर्थ में अधिकरण कारक है, लेकिन स्रोत में इसे असंगत बताया गया है।"
63,"किस विकल्प में 'का' परसर्ग का प्रयोग संबंध कारक के लिए नहीं हुआ है—","पाँच हाथ का डंडा","तीन खंड का मकान","दो हजार वर्ष का इतिहास","लड़के का स्त्री बनना ठीक नहीं है।",4,"'लड़के का' — कर्ता कारक के रूप में प्रयुक्त हुआ है।"
64,"किस विकल्प में 'का' परसर्ग संबंध न होकर कर्ता कारक के रूप में प्रयुक्त हुआ है—","आषाढ़ का महीना","मंत्री का राजा होना सबको बुरा लगा।","मुछल्ला का मुखमंडल","छठ महीने का बच्चा।",2,"'मंत्री का राजा होना सबको बुरा लगा' — इस वाक्य में संबंध कारक न होकर कर्ता कारक है।"
65,"कारक के संदर्भ में असंगत का चयन करें—","दस सेर आटे में दो सेर घी मिलाओ। - अधिकरण कारक","श्याम ने उत्तर कह दिया। - कर्ता कारक","सलोनी ने गायों के लिए चारा डलवाया। - कर्मकारक","मैं कल से बहका हूँ। - करण कारक",4,"'मैं कल से बहका हूँ' — अपादान कारक। काल तथा स्थान का आरंभ में अपादान होता है।"
66,"कारक के संदर्भ में असंगत का चयन करें—","ब्राह्मण ब्रह्मा के मुख से उत्पन्न हुए हैं। - अपादान कारक","वह पुस्तक चार आने में मिलती है। - अधिकरण कारक","घोड़ों को मैला पानी न पिलाना चाहिए - कर्मकारक","सौंप दिए मोहित रघुवर धामती। - संपदान",3,"'घोड़ों को मैला पानी न पिलाना चाहिए' — संपदान कारक है।"
67,"किस विकल्प में अपादान कारक नहीं है—","वह उदयपुर से आया है।","मेरे हाथ से छड़ी टूट पड़ी।","वह मुझसे अलग रहता है।","लड़के क्रम से बैठे हैं।",4,"'लड़के क्रम से बैठे हैं' — करण कारक। रीति में करणकारक होता है।"
68,"कारक के संदर्भ में असंगत है—","न्यायालय ने अपराधी को दंड दिया - कर्म कारक","विष्णु मोहन से पढ़ती है - अपादान कारक","सरकार ने किसानों को अनुदान दिया - कर्मकारक","उसने उनकी ओर क्रोध से दृष्टि की - करण कारक",3,"'सरकार ने किसानों को अनुदान दिया' — संपदान कारक।"
69,"कौन-से वाक्य में करण कारक के 'से' परसर्ग का असंगत प्रयोग है—","आपके दर्शन से लाभ हुआ।","धन से प्रतिष्ठा बढ़ती है।","वह दिल्ली से आगरा गया।","चूहा बिल से बाहर आया।",4,"'चूहा बिल से बाहर आया अर्थात् निकला' — अपादान कारक।"
70,"'मनुष्य आँखों से देखते हैं, कानों से सुनते हैं और बुद्धि से विचार करते हैं।' इस वाक्य में 'से' परसर्ग किस कारक का है—","अपादान","करण","(अ) व (ब) दोनों","कर्मकारक",2,"उत्तर: (ब) करण कारक।"
71,"कारक के संदर्भ में असंगत विकल्प है—","शुकदेव मुनि राजा परीक्षित को कथा सुनाते हैं। - कर्म कारक","मैं लौटने से जल जाता हूँ। - अपादान कारक","समाज के समाज ऐसे पाप जाते हैं। - संबंध कारक","यह राज्य अब टिकने का नहीं है। - संबंध कारक",1,"विकल्प (अ) में संपदान कारक है। योग्यता अथवा निश्चय के अर्थ में क्रियार्थक संज्ञा का संबंध कारक बहुधा 'नहीं' के साथ आता है; जैसे — यह राज्य अब टिकने का नहीं है।"
72,"किस विकल्प में अधिकरण कारक नहीं है—","दूत कई दिनों में लौटा।","लाल में नीला रंग मिल जाता है।","मेरे बोलने पर वह अप्रसन्न हो गया।","मैंने कैंची से कपड़ा काटा।",4,"'मैंने कैंची से कपड़ा काटा' — करण कारक है।"
73,"किस विकल्प में अपादान कारक है—","दूध से मलाई निकाली जाती है।","तुम अपनी बात पर नहीं रहते।","दिन पर दिन भाव चढ़ रहा है।","पानी के छोटे छींटों पर राजा को बटवाइज की याद आई।",1,"दूध से मलाई निकाली जाती है। — अपादान कारक है। अन्य विकल्पों में अधिकरण कारक है।"
74,"'मेरा जाना आपके आने पर निर्भर है।' इस वाक्य में कौन-सा कारक है—","अपादान","अधिकरण","करण","संपदान",2,"उत्तर: (ब) अधिकरण कारक।"
75,"कारक के संदर्भ में असंगत विकल्प है—","पाकिस्तान और ईरान में कोई फर्क नहीं है। - अधिकरण","मैं दोपहर को भोजन करने घर पर नहीं जाता। - अपादान","इस रम्यभूमि में हिमालय जगमगाते - अधिकरण कारक","खाना बनाते समय स्टोव से दूर बैठो। - अपादान",2,"'मैं दोपहर को भोजन करने घर पर नहीं जाता' — अधिकरण कारक।"
76,"किस वाक्य में अपादान कारक नहीं है—","हमें अपनी परिस्थिति से ईर्ष्या नहीं करनी चाहिए।","मोहिनी को गंदगी से घृणा है।","अध्यापिका छात्रों को बुराइयों से रोकती है।","अब यह विपत्ति की घड़ी टलने वाली है।",4,"'अब यह विपत्ति की घड़ी टलने वाली है' — संबंध कारक। ईर्ष्या, घृणा और रोकने के योग में 'से' अपादान कारक होता है।"
